{"cameraMode":{"drawMode":0,"name":"Shaded","section":"Shading Mode"},"sceneLighting":true,"audioPlay":false,"sceneViewState":{"m_AlwaysRefresh":false,"showFog":true,"showSkybox":true,"showFlares":true,"showImageEffects":true,"showParticleSystems":true,"showVisualEffectGraphs":true,"m_FxEnabled":true},"in2DMode":false,"pivot":{"x":-4.844198703765869,"y":7.509206295013428,"z":-5.903274059295654},"rotation":{"x":-0.5207961201667786,"y":-0.009477970190346241,"z":0.005783415399491787,"w":-0.8536310791969299},"size":10.184096336364746,"orthographic":false}