{"cameraMode":{"drawMode":0,"name":"Shaded","section":"Shading Mode"},"sceneLighting":false,"audioPlay":false,"sceneViewState":{"m_AlwaysRefresh":false,"showFog":true,"showSkybox":false,"showFlares":true,"showImageEffects":true,"showParticleSystems":true,"showVisualEffectGraphs":true,"m_FxEnabled":true},"in2DMode":false,"pivot":{"x":0.0017763546202331782,"y":1.8938148021697999,"z":0.13142085075378419},"rotation":{"x":-0.268403023481369,"y":-0.02341081202030182,"z":0.006521196104586124,"w":-0.9630284905433655},"size":1.137904405593872,"orthographic":false}